Container/Andre_Agassi_0002.jpg,0.33093405417743900000,0.07980633544441140000,0.00250045959616954000,0.00000000000000000000,0.00014187004800961900,0.09198055893923690000,0.01578304284107020000,0.00000000000000000000,0.00000000000000000000,0.00000000000000000000,0.00000000000000000000,0.00000000000000000000,0.00000000000000000000,0.00000000000000000000,0.00000000000000000000,0.00000000000000000000,0.01173974647279600000,0.00065614897204449100,0.00033694136402284700,0.00000000000000000000,0.00492998416833428000,0.12113485380521300000,0.15037338401219600000,0.00000000000000000000,0.00000000000000000000,0.00028374009601923900,0.06351788055730690000,0.00108175911607335000,0.00000000000000000000,0.00000000000000000000,0.00000000000000000000,0.00000000000000000000,0.00000000000000000000,0.00000000000000000000,0.00000000000000000000,0.00000000000000000000,0.00086895404405892100,0.00450437402430543000,0.00106402536007214000,0.00000000000000000000,0.00000000000000000000,0.00034580824202344800,0.04900280127032270000,0.00733290810649722000,0.00000000000000000000,0.00000000000000000000,0.00007093502400480990,0.00508515453334481000,0.00000000000000000000,0.00000000000000000000,0.00000000000000000000,0.00000000000000000000,0.00000000000000000000,0.00000000000000000000,0.00000000000000000000,0.00000000000000000000,0.00000000000000000000,0.00000000000000000000,0.00062068146004208600,0.00037684231502555200,0.00000000000000000000,0.00000000000000000000,0.00066501585004509300,0.14345721917172700000,0.01843867280225020000,0.00000000000000000000,0.00000000000000000000,0.00000000000000000000,0.00000000000000000000,0.00000000000000000000,0.00000000000000000000,0.00000000000000000000,0.00000000000000000000,0.90027185715704500000,0.00000000000000000000,0.00000000000000000000,0.00000000000000000000,0.00000000000000000000,0.00000000000000000000,0.00000000000000000000,0.00000000000000000000,0.00000000000000000000
Container/Andre_Agassi_0003.jpg,0.43488827601480000000,0.06737401446813990000,0.00000000000000000000,0.00000000000000000000,0.00000000000000000000,0.04942865763341740000,0.01423997296977510000,0.00000000000000000000,0.00000000000000000000,0.00000000000000000000,0.00000000000000000000,0.00000000000000000000,0.00000000000000000000,0.00000000000000000000,0.00000000000000000000,0.00000000000000000000,0.04760504382544440000,0.00106758257095455000,0.00000000000000000000,0.00000000000000000000,0.00134590176260418000,0.11017701373318100000,0.07576513039548700000,0.00000000000000000000,0.00000000000000000000,0.00001661607114326160,0.06034126235675450000,0.03119251955368780000,0.00000000000000000000,0.00000000000000000000,0.00000000000000000000,0.00000000000000000000,0.00000000000000000000,0.00000000000000000000,0.00000000000000000000,0.00000000000000000000,0.00000000000000000000,0.00212685710633748000,0.00525898651684229000,0.00000000000000000000,0.00000000000000000000,0.00038216963629501600,0.01675315373019350000,0.01222112032586890000,0.00000000000000000000,0.00000000000000000000,0.00000000000000000000,0.00508036375205223000,0.00000000000000000000,0.00000000000000000000,0.00000000000000000000,0.00000000000000000000,0.00000000000000000000,0.00000000000000000000,0.00000000000000000000,0.00000000000000000000,0.00000000000000000000,0.00000000000000000000,0.00028247320943544700,0.00012046651578864600,0.00000000000000000000,0.00000000000000000000,0.00003323214228652320,0.08428502087419440000,0.01709793720641610000,0.00000000000000000000,0.00000000000000000000,0.00000000000000000000,0.00000000000000000000,0.00000000000000000000,0.00000000000000000000,0.00000000000000000000,0.00000000000000000000,0.87808874161901600000,0.00000000000000000000,0.00000000000000000000,0.00000000000000000000,0.00000000000000000000,0.00000000000000000000,0.00000000000000000000,0.00000000000000000000,0.00000000000000000000
Container/Andre_Agassi_0004.jpg,0.55782562909572400000,0.01826604141512180000,0.00000000000000000000,0.00000000000000000000,0.00000000000000000000,0.03928575741543790000,0.00197346678605587000,0.00000000000000000000,0.00000000000000000000,0.00000000000000000000,0.00000000000000000000,0.00000000000000000000,0.00000000000000000000,0.00000000000000000000,0.00000000000000000000,0.00000000000000000000,0.00571005021624307000,0.00010708734497977600,0.00000000000000000000,0.00000000000000000000,0.00302904204371367000,0.04836523445050890000,0.03079526077775560000,0.00000000000000000000,0.00000000000000000000,0.00000000000000000000,0.01347770727531180000,0.00006119276855987210,0.00000000000000000000,0.00000000000000000000,0.00000000000000000000,0.00000000000000000000,0.00000000000000000000,0.00000000000000000000,0.00000000000000000000,0.00000000000000000000,0.00000000000000000000,0.04983386089594590000,0.00007649096069984020,0.00000000000000000000,0.00000000000000000000,0.02549826174929170000,0.03030954317731160000,0.01929102028849970000,0.00000000000000000000,0.00000000000000000000,0.00001529819213996800,0.00959196647175996000,0.00000000000000000000,0.00000000000000000000,0.00000000000000000000,0.00000000000000000000,0.00000000000000000000,0.00000000000000000000,0.00000000000000000000,0.00000000000000000000,0.00000000000000000000,0.00000000000000000000,0.00538496363326875000,0.00006119276855987210,0.00000000000000000000,0.00000000000000000000,0.00138448638866710000,0.07874361949245050000,0.01539380584084280000,0.00000000000000000000,0.00000000000000000000,0.00000000000000000000,0.00000000000000000000,0.00000000000000000000,0.00000000000000000000,0.00000000000000000000,0.00000000000000000000,0.82003281782674200000,0.00000000000000000000,0.00000000000000000000,0.00000000000000000000,0.00000000000000000000,0.00000000000000000000,0.00000000000000000000,0.00000000000000000000,0.00000000000000000000
Container/Andre_Agassi_0005.jpg,0.59795322124292500000,0.02722062166582590000,0.00000000000000000000,0.00000000000000000000,0.00020332863989412400,0.03681700729511470000,0.00036308685695379400,0.00000000000000000000,0.00000000000000000000,0.00007261737139075880,0.00075522066246389200,0.00000000000000000000,0.00000000000000000000,0.00000000000000000000,0.00000000000000000000,0.00000000000000000000,0.00486536388318084000,0.00026142253700673200,0.00000000000000000000,0.00000000000000000000,0.00081331455957649900,0.05115167640765050000,0.01404419962697270000,0.00000000000000000000,0.00000000000000000000,0.00045022770262270500,0.02161092972588980000,0.00206233334749755000,0.00000000000000000000,0.00000000000000000000,0.00132163615931181000,0.00027594601128488300,0.00000000000000000000,0.00000000000000000000,0.00000000000000000000,0.00000000000000000000,0.00000000000000000000,0.00203328639894124000,0.00010166431994706200,0.00000000000000000000,0.00000000000000000000,0.00184448123332527000,0.03203878425760280000,0.01071832401727600000,0.00000000000000000000,0.00000000000000000000,0.00017428169133782100,0.01186567848525000000,0.00000000000000000000,0.00000000000000000000,0.00000000000000000000,0.00000000000000000000,0.00000000000000000000,0.00000000000000000000,0.00000000000000000000,0.00000000000000000000,0.00000000000000000000,0.00000000000000000000,0.00705840849918176000,0.00004357042283445530,0.00000000000000000000,0.00000000000000000000,0.00271588969001438000,0.06269420759021160000,0.01611016384303980000,0.00000000000000000000,0.00000000000000000000,0.00000000000000000000,0.00000000000000000000,0.00000000000000000000,0.00000000000000000000,0.00000000000000000000,0.00000000000000000000,0.79467368034049100000,0.00000000000000000000,0.00000000000000000000,0.00000000000000000000,0.00000000000000000000,0.00000000000000000000,0.00000000000000000000,0.00000000000000000000,0.00000000000000000000
Container/Andre_Agassi_0006.jpg,0.36248148704148100000,0.16019306731777500000,0.00511614649437590000,0.00000000000000000000,0.00000000000000000000,0.05714702195351910000,0.03344304583456010000,0.00000000000000000000,0.00000000000000000000,0.00000000000000000000,0.00000000000000000000,0.00000000000000000000,0.00000000000000000000,0.00000000000000000000,0.00000000000000000000,0.00000000000000000000,0.00384964944552304000,0.00061861902056179200,0.00000000000000000000,0.00000000000000000000,0.00006687773195262620,0.15755557676389300000,0.12329745857116000000,0.00000000000000000000,0.00000000000000000000,0.00000000000000000000,0.03817464537020840000,0.00000000000000000000,0.00000000000000000000,0.00000000000000000000,0.00000000000000000000,0.00000000000000000000,0.00043470525769207000,0.00000000000000000000,0.00000000000000000000,0.00000000000000000000,0.00018391376286972200,0.00244521707451789000,0.00056846072159732300,0.00000000000000000000,0.00000000000000000000,0.00010031659792893900,0.02972715185294230000,0.01237238041123580000,0.00000000000000000000,0.00000000000000000000,0.00001671943298815650,0.00658745659733368000,0.00000000000000000000,0.00000000000000000000,0.00000000000000000000,0.00000000000000000000,0.00000000000000000000,0.00003343886597631310,0.00000000000000000000,0.00000000000000000000,0.00000000000000000000,0.00000000000000000000,0.01006509865887020000,0.00010031659792893900,0.00000000000000000000,0.00000000000000000000,0.00011703603091709500,0.02163494628667450000,0.01712069937987230000,0.00000000000000000000,0.00000000000000000000,0.00000000000000000000,0.00000000000000000000,0.00000000000000000000,0.00000000000000000000,0.00000000000000000000,0.00000000000000000000,0.89167662026611800000,0.00000000000000000000,0.00000000000000000000,0.00000000000000000000,0.00000000000000000000,0.00000000000000000000,0.00000000000000000000,0.00000000000000000000,0.00000000000000000000
Container/Andre_Agassi_0007.jpg,0.46778556058737600000,0.01547792344680290000,0.00000000000000000000,0.00000000000000000000,0.00506342454917052000,0.03622417266966890000,0.00000000000000000000,0.00000000000000000000,0.00000000000000000000,0.00000000000000000000,0.00000000000000000000,0.00000000000000000000,0.00000000000000000000,0.00000000000000000000,0.00000000000000000000,0.00000000000000000000,0.02056499044523030000,0.00026794775824404300,0.00000000000000000000,0.00000000000000000000,0.02703908113339150000,0.16965821586699300000,0.04129153762704890000,0.00000000000000000000,0.00000000000000000000,0.00468120495285181000,0.03786338248480890000,0.00000000000000000000,0.00000000000000000000,0.00000000000000000000,0.00000000000000000000,0.00000000000000000000,0.00000000000000000000,0.00000000000000000000,0.00000000000000000000,0.00000000000000000000,0.00000000000000000000,0.00097722123594886300,0.00017337796121673300,0.00000000000000000000,0.00000000000000000000,0.00154858042632219000,0.10296680692169200000,0.02236575699695860000,0.00000000000000000000,0.00000000000000000000,0.00116636083000348000,0.00513829230515047000,0.00000000000000000000,0.00000000000000000000,0.00000000000000000000,0.00000000000000000000,0.00000000000000000000,0.00000000000000000000,0.00000000000000000000,0.00000000000000000000,0.00000000000000000000,0.00000000000000000000,0.00000000000000000000,0.00000000000000000000,0.00000000000000000000,0.00000000000000000000,0.00012609306270307900,0.00715578130839974000,0.01674279448204320000,0.00000000000000000000,0.00000000000000000000,0.00000000000000000000,0.00000000000000000000,0.00000000000000000000,0.00000000000000000000,0.00000000000000000000,0.00000000000000000000,0.85734219699212000000,0.00000000000000000000,0.00000000000000000000,0.00000000000000000000,0.00000000000000000000,0.00000000000000000000,0.00000000000000000000,0.00000000000000000000,0.00000000000000000000
Container/Andre_Agassi_0008.jpg,0.26646074446767900000,0.02965074158349280000,0.00010558127566822300,0.00000000000000000000,0.00397249549701692000,0.05660036219780700000,0.00343139145921727000,0.00000000000000000000,0.00000000000000000000,0.00000000000000000000,0.00000000000000000000,0.00000000000000000000,0.00000000000000000000,0.00000000000000000000,0.00000000000000000000,0.00000000000000000000,0.00454879329337264000,0.00024195709007301300,0.00000000000000000000,0.00000000000000000000,0.00775582454179494000,0.16286791615787400000,0.09488237306717710000,0.00051030949906308100,0.00000000000000000000,0.00332581018354905000,0.08100723375644470000,0.01089246827310500000,0.00000000000000000000,0.00000000000000000000,0.00000000000000000000,0.00000000000000000000,0.00000000000000000000,0.00000000000000000000,0.00000000000000000000,0.00000000000000000000,0.00000000000000000000,0.00008798439639018650,0.00000000000000000000,0.00000000000000000000,0.00000000000000000000,0.00080945644678971600,0.06721128040246340000,0.09290712336821740000,0.00000000000000000000,0.00000000000000000000,0.00353697273488549000,0.13289603152755700000,0.00000000000000000000,0.00000000000000000000,0.00000000000000000000,0.00000000000000000000,0.00000000000000000000,0.00000000000000000000,0.00000000000000000000,0.00000000000000000000,0.00000000000000000000,0.00000000000000000000,0.00005279063783411190,0.00000000000000000000,0.00000000000000000000,0.00000000000000000000,0.00007038751711214920,0.05636720354737300000,0.01885065692659740000,0.00000000000000000000,0.00000000000000000000,0.00000000000000000000,0.00000000000000000000,0.00000000000000000000,0.00000000000000000000,0.00000000000000000000,0.00000000000000000000,0.92099426609355500000,0.00000000000000000000,0.00000000000000000000,0.00000000000000000000,0.00000000000000000000,0.00000000000000000000,0.00000000000000000000,0.00000000000000000000,0.00000000000000000000
Container/Andre_Agassi_0009.jpg,0.57443469544379000000,0.03717545507275770000,0.00010532355985401300,0.00000000000000000000,0.00520223154564646000,0.02402129475813320000,0.00044010201796141400,0.00000000000000000000,0.00000000000000000000,0.00270832011053178000,0.00458909796506774000,0.00000000000000000000,0.00000000000000000000,0.00000000000000000000,0.00213656364275285000,0.00031597067956204100,0.00361109348070904000,0.00099305070719498600,0.00000000000000000000,0.00000000000000000000,0.00679336961058388000,0.11315511884030100000,0.02478865212278390000,0.00003009244567257530,0.00000000000000000000,0.00033101690239832800,0.02553720170888920000,0.00028587823388946500,0.00000000000000000000,0.00000000000000000000,0.00297915212158496000,0.01284947430218960000,0.00000000000000000000,0.00000000000000000000,0.00000000000000000000,0.00000000000000000000,0.00000000000000000000,0.00167765384624607000,0.00000000000000000000,0.00000000000000000000,0.00000000000000000000,0.00094791203868612300,0.01359802388829490000,0.02827185270938450000,0.00000000000000000000,0.00000000000000000000,0.00001504622283628760,0.02646630596903000000,0.00000000000000000000,0.00000000000000000000,0.00000000000000000000,0.00000000000000000000,0.00000000000000000000,0.00000000000000000000,0.00000000000000000000,0.00000000000000000000,0.00000000000000000000,0.00000000000000000000,0.00000000000000000000,0.00000000000000000000,0.00000000000000000000,0.00000000000000000000,0.00000000000000000000,0.01015996197020320000,0.01607312754486430000,0.00000000000000000000,0.00000000000000000000,0.00000000000000000000,0.00000000000000000000,0.00000000000000000000,0.00000000000000000000,0.00000000000000000000,0.00000000000000000000,0.80724866294537900000,0.00000000000000000000,0.00000000000000000000,0.00000000000000000000,0.00000000000000000000,0.00000000000000000000,0.00000000000000000000,0.00000000000000000000,0.00000000000000000000
Container/Andre_Agassi_0010.jpg,0.25353045159636400000,0.06622132449875590000,0.00000000000000000000,0.00000000000000000000,0.01176957550587680000,0.22821014820835000000,0.02432495353069200000,0.00000000000000000000,0.00000000000000000000,0.00000000000000000000,0.00389408803829456000,0.00000000000000000000,0.00000000000000000000,0.00000000000000000000,0.00000000000000000000,0.00000000000000000000,0.00088184504903083200,0.00006984911279452130,0.00000000000000000000,0.00000000000000000000,0.00064610429334932200,0.10420177958077600000,0.14445233082861900000,0.00000000000000000000,0.00000000000000000000,0.00006984911279452130,0.16256071332059900000,0.02243902748523990000,0.00000000000000000000,0.00000000000000000000,0.00000000000000000000,0.00127474630850001000,0.00000000000000000000,0.00000000000000000000,0.00000000000000000000,0.00000000000000000000,0.00000000000000000000,0.00037107341172089400,0.00000000000000000000,0.00000000000000000000,0.00000000000000000000,0.00018771949063527600,0.00889703074220216000,0.01068691425756170000,0.00000000000000000000,0.00000000000000000000,0.00000000000000000000,0.02228186698145230000,0.00000000000000000000,0.00000000000000000000,0.00000000000000000000,0.00000000000000000000,0.00000000000000000000,0.00000000000000000000,0.00000000000000000000,0.00000000000000000000,0.00000000000000000000,0.00000000000000000000,0.00000000000000000000,0.00000000000000000000,0.00000000000000000000,0.00000000000000000000,0.00000000000000000000,0.00495928700841101000,0.01746227819863030000,0.00000000000000000000,0.00000000000000000000,0.00000000000000000000,0.00000000000000000000,0.00000000000000000000,0.00000000000000000000,0.00000000000000000000,0.00000000000000000000,0.90489525625302400000,0.00000000000000000000,0.00000000000000000000,0.00000000000000000000,0.00000000000000000000,0.00000000000000000000,0.00000000000000000000,0.00000000000000000000,0.00000000000000000000
Container/Andre_Agassi_0011.jpg,0.35916419108819800000,0.01123123400536680000,0.00000000000000000000,0.00000000000000000000,0.01285730492196870000,0.01518086362191920000,0.00000000000000000000,0.00000000000000000000,0.00000000000000000000,0.00000000000000000000,0.00000000000000000000,0.00000000000000000000,0.00000000000000000000,0.00000000000000000000,0.00000000000000000000,0.00000000000000000000,0.28007916061718600000,0.00146220330485134000,0.00000000000000000000,0.00000000000000000000,0.03210124496857550000,0.11724937707435800000,0.02407593372643160000,0.00000000000000000000,0.00000000000000000000,0.00460510006355481000,0.02281961536967710000,0.00000000000000000000,0.00000000000000000000,0.00000000000000000000,0.00000000000000000000,0.00000000000000000000,0.01701702122025270000,0.00000000000000000000,0.00000000000000000000,0.00000000000000000000,0.00781942629404700000,0.02179859409646200000,0.00000000000000000000,0.00000000000000000000,0.00000000000000000000,0.00137816863215874000,0.05117291393616240000,0.00368071866393614000,0.00000000000000000000,0.00000000000000000000,0.00110925767954240000,0.01096652478638510000,0.00000000000000000000,0.00000000000000000000,0.00000000000000000000,0.00000000000000000000,0.00000000000000000000,0.00884044756726216000,0.00000000000000000000,0.00000000000000000000,0.00000000000000000000,0.00536141211778827000,0.00588242708848242000,0.00000000000000000000,0.00000000000000000000,0.00000000000000000000,0.00035294562530894500,0.01549599364451650000,0.01814308583433360000,0.00000000000000000000,0.00000000000000000000,0.00000000000000000000,0.00000000000000000000,0.00000000000000000000,0.00000000000000000000,0.00000000000000000000,0.00000000000000000000,0.87854468739848500000,0.00000000000000000000,0.00000000000000000000,0.00000000000000000000,0.00000000000000000000,0.00000000000000000000,0.00000000000000000000,0.00000000000000000000,0.00000000000000000000
Container/Andre_Agassi_0012.jpg,0.08415275899093530000,0.07824249105416320000,0.00516321006956407000,0.00000000000000000000,0.00001891285739767060,0.07639848745789030000,0.02342830210136440000,0.00000000000000000000,0.00000000000000000000,0.00000000000000000000,0.00005673857219301180,0.00000000000000000000,0.00000000000000000000,0.00000000000000000000,0.00000000000000000000,0.00000000000000000000,0.05058243711007000000,0.01960790490703490000,0.00003782571479534120,0.00000000000000000000,0.00766916367475542000,0.23081251168117200000,0.22020239868107800000,0.00136172573263228000,0.00000000000000000000,0.00002364107174708820,0.08550975650921820000,0.11284356366320100000,0.00000000000000000000,0.00000000000000000000,0.00000000000000000000,0.00000000000000000000,0.00000000000000000000,0.00000000000000000000,0.00000000000000000000,0.00000000000000000000,0.00000000000000000000,0.00841622154196341000,0.00178253680973045000,0.00000000000000000000,0.00000000000000000000,0.01044935371221300000,0.08707006724452600000,0.03474291903952080000,0.00000000000000000000,0.00000000000000000000,0.00001891285739767060,0.00729090652680201000,0.00000000000000000000,0.00000000000000000000,0.00000000000000000000,0.00000000000000000000,0.00000000000000000000,0.00000000000000000000,0.00000000000000000000,0.00000000000000000000,0.00000000000000000000,0.00012766178743427600,0.00607575543900168000,0.00001891285739767060,0.00000000000000000000,0.00000000000000000000,0.00000000000000000000,0.00887013011950751000,0.01749912130719470000,0.00000000000000000000,0.00000000000000000000,0.00000000000000000000,0.00000000000000000000,0.00000000000000000000,0.00000000000000000000,0.00000000000000000000,0.00000000000000000000,0.91985046060745600000,0.00000000000000000000,0.00000000000000000000,0.00000000000000000000,0.00000000000000000000,0.00000000000000000000,0.00000000000000000000,0.00000000000000000000,0.00000000000000000000
Container/Andre_Agassi_0013.jpg,0.58007397829240900000,0.01050866711661280000,0.00000000000000000000,0.00000000000000000000,0.00041501083112152200,0.05215796838273700000,0.00001482181539719720,0.00000000000000000000,0.00000000000000000000,0.00000000000000000000,0.00000000000000000000,0.00000000000000000000,0.00000000000000000000,0.00000000000000000000,0.00000000000000000000,0.00000000000000000000,0.00040018901572432500,0.00000000000000000000,0.00000000000000000000,0.00000000000000000000,0.00207505415560761000,0.05149098668986320000,0.01199084865633250000,0.00000000000000000000,0.00000000000000000000,0.00160075606289730000,0.02417438091282870000,0.00000000000000000000,0.00000000000000000000,0.00000000000000000000,0.00000000000000000000,0.00000000000000000000,0.00000000000000000000,0.00000000000000000000,0.00000000000000000000,0.00000000000000000000,0.00000000000000000000,0.00069662532366827000,0.00000000000000000000,0.00000000000000000000,0.00000000000000000000,0.00249006498672913000,0.06385238073112570000,0.00963418000817820000,0.00000000000000000000,0.00000000000000000000,0.00034090175413553600,0.00803342394528090000,0.00000000000000000000,0.00000000000000000000,0.00000000000000000000,0.00000000000000000000,0.00000000000000000000,0.00000000000000000000,0.00000000000000000000,0.00000000000000000000,0.00000000000000000000,0.00000000000000000000,0.00309775941801422000,0.00000000000000000000,0.00000000000000000000,0.00000000000000000000,0.00306811578721982000,0.08372843517876720000,0.01654855689097070000,0.00000000000000000000,0.00000000000000000000,0.00000000000000000000,0.00000000000000000000,0.00000000000000000000,0.00000000000000000000,0.00000000000000000000,0.00000000000000000000,0.80358695448214400000,0.00000000000000000000,0.00000000000000000000,0.00000000000000000000,0.00000000000000000000,0.00000000000000000000,0.00000000000000000000,0.00000000000000000000,0.00000000000000000000
Container/Andre_Agassi_0014.jpg,0.24777929536264200000,0.15021917674852100000,0.05653592915108380000,0.00000000000000000000,0.00000000000000000000,0.07599688541814490000,0.29055680080687900000,0.00000000000000000000,0.00000000000000000000,0.00000000000000000000,0.00044684023792727100,0.00000000000000000000,0.00000000000000000000,0.00000000000000000000,0.00000000000000000000,0.00000000000000000000,0.00005106745576311670,0.00008511242627186120,0.00000000000000000000,0.00000000000000000000,0.00003404497050874450,0.02941059889824160000,0.08154621561107020000,0.00000000000000000000,0.00000000000000000000,0.00000000000000000000,0.03448755512535810000,0.00251932781764709000,0.00000000000000000000,0.00000000000000000000,0.00000000000000000000,0.00000000000000000000,0.00000000000000000000,0.00000000000000000000,0.00000000000000000000,0.00000000000000000000,0.00000000000000000000,0.00008511242627186120,0.00071494438068363400,0.00000000000000000000,0.00000000000000000000,0.00001702248525437220,0.01680544856737900000,0.01603943673093220000,0.00000000000000000000,0.00000000000000000000,0.00000000000000000000,0.00027235976406995600,0.00000000000000000000,0.00000000000000000000,0.00000000000000000000,0.00000000000000000000,0.00000000000000000000,0.00000000000000000000,0.00000000000000000000,0.00000000000000000000,0.00000000000000000000,0.00000000000000000000,0.01177955979602550000,0.00620895149653228000,0.00000000000000000000,0.00000000000000000000,0.00031066035589229300,0.02303142254916560000,0.01691609472153240000,0.00000000000000000000,0.00000000000000000000,0.00000000000000000000,0.00000000000000000000,0.00000000000000000000,0.00000000000000000000,0.00000000000000000000,0.00000000000000000000,0.90133208297638300000,0.00000000000000000000,0.00000000000000000000,0.00000000000000000000,0.00000000000000000000,0.00000000000000000000,0.00000000000000000000,0.00000000000000000000,0.00000000000000000000
Container/Andy_Roddick_0002.jpg,0.36827106595058200000,0.13363570139280700000,0.00072635500298431000,0.00000000000000000000,0.00000000000000000000,0.07728417231753060000,0.05390462065897310000,0.00069003725283509500,0.00000000000000000000,0.00000000000000000000,0.00134375675552097000,0.00887968991148320000,0.00000000000000000000,0.00000000000000000000,0.00000000000000000000,0.00277830788641498000,0.00012711212552225400,0.00007263550029843100,0.00000000000000000000,0.00000000000000000000,0.00003631775014921550,0.02214928787225280000,0.08541026891341760000,0.00076267275313352600,0.00000000000000000000,0.00000000000000000000,0.08603221038472290000,0.09709096530515900000,0.00000000000000000000,0.00000000000000000000,0.00000000000000000000,0.00092610262880499600,0.00000000000000000000,0.00000000000000000000,0.00000000000000000000,0.00000000000000000000,0.00000000000000000000,0.00105321475432725000,0.00001815887507460770,0.00000000000000000000,0.00000000000000000000,0.00018158875074607700,0.01812255732445850000,0.06924887009701670000,0.00000000000000000000,0.00000000000000000000,0.00005447662522382330,0.02355206097176620000,0.00000000000000000000,0.00000000000000000000,0.00000000000000000000,0.00000000000000000000,0.00000000000000000000,0.00000000000000000000,0.00000000000000000000,0.00000000000000000000,0.00000000000000000000,0.00000000000000000000,0.00001815887507460770,0.00003631775014921550,0.00000000000000000000,0.00000000000000000000,0.00001815887507460770,0.06226678263083000000,0.01978863411255380000,0.00000000000000000000,0.00000000000000000000,0.00000000000000000000,0.00000000000000000000,0.00000000000000000000,0.00000000000000000000,0.00000000000000000000,0.00000000000000000000,0.89609508774420600000,0.00000000000000000000,0.00000000000000000000,0.00000000000000000000,0.00000000000000000000,0.00000000000000000000,0.00000000000000000000,0.00000000000000000000,0.00000000000000000000
Container/Andy_Roddick_0003.jpg,0.17912886010834800000,0.05935874956183090000,0.07072410803293160000,0.00000000000000000000,0.00015172777266383800,0.06502483357224620000,0.00502598246948964000,0.00000000000000000000,0.00000000000000000000,0.00000000000000000000,0.00000000000000000000,0.00000000000000000000,0.00000000000000000000,0.00000000000000000000,0.00000000000000000000,0.00000000000000000000,0.00775708237743873000,0.00228539957574906000,0.00249876675605758000,0.00007586388633191910,0.09882219493311610000,0.08226964323407050000,0.09684025090269470000,0.00167848848509371000,0.00000000000000000000,0.00000000000000000000,0.09461174924169460000,0.02832567855918030000,0.00000000000000000000,0.00000000000000000000,0.00000000000000000000,0.00000000000000000000,0.00000000000000000000,0.00000000000000000000,0.00000000000000000000,0.00000000000000000000,0.00011379582949787800,0.01472707693418380000,0.00266471900740866000,0.00009008836501915390,0.00000000000000000000,0.00356560265760019000,0.08372054006016850000,0.08365890065252380000,0.00000000000000000000,0.00000000000000000000,0.00013276180108085800,0.01765731954375410000,0.00000000000000000000,0.00000000000000000000,0.00000000000000000000,0.00000000000000000000,0.00000000000000000000,0.00000000000000000000,0.00000000000000000000,0.00000000000000000000,0.00000000000000000000,0.00000000000000000000,0.02202897599363100000,0.00017069374424681800,0.00000000000000000000,0.00000000000000000000,0.02196259509309050000,0.11916319945586200000,0.01904183546931170000,0.00000000000000000000,0.00000000000000000000,0.00000000000000000000,0.00000000000000000000,0.00000000000000000000,0.00000000000000000000,0.00000000000000000000,0.00000000000000000000,0.94303078054181600000,0.00000000000000000000,0.00000000000000000000,0.00000000000000000000,0.00000000000000000000,0.00000000000000000000,0.00000000000000000000,0.00000000000000000000,0.00000000000000000000
Container/Andy_Roddick_0004.jpg,0.48884384280526300000,0.03191083574842950000,0.00000000000000000000,0.00000000000000000000,0.00022580323501542200,0.05437422543183880000,0.01635460573611700000,0.00000000000000000000,0.00000000000000000000,0.00000000000000000000,0.00000000000000000000,0.00000000000000000000,0.00000000000000000000,0.00000000000000000000,0.00000000000000000000,0.00000000000000000000,0.04062845350027490000,0.00101611455756940000,0.00000000000000000000,0.00000000000000000000,0.00143546342259804000,0.07305137872811450000,0.04972913031152150000,0.00000000000000000000,0.00000000000000000000,0.00001612880250110160,0.04695094408070680000,0.01548768260168280000,0.00000000000000000000,0.00000000000000000000,0.00000000000000000000,0.00000000000000000000,0.00000000000000000000,0.00000000000000000000,0.00000000000000000000,0.00000000000000000000,0.00000000000000000000,0.00156046164198158000,0.00022177103439014700,0.00000000000000000000,0.00000000000000000000,0.00004838640750330480,0.02760847768126070000,0.01383851254594510000,0.00000000000000000000,0.00000000000000000000,0.00003225760500220320,0.00654829381544725000,0.00000000000000000000,0.00000000000000000000,0.00000000000000000000,0.00000000000000000000,0.00000000000000000000,0.00000000000000000000,0.00000000000000000000,0.00000000000000000000,0.00000000000000000000,0.00000000000000000000,0.00058063689003965800,0.00048386407503304800,0.00000000000000000000,0.00000000000000000000,0.00011290161750771100,0.11901443365562800000,0.01707636964804130000,0.00000000000000000000,0.00000000000000000000,0.00000000000000000000,0.00000000000000000000,0.00000000000000000000,0.00000000000000000000,0.00000000000000000000,0.00000000000000000000,0.85406444664020900000,0.00000000000000000000,0.00000000000000000000,0.00000000000000000000,0.00000000000000000000,0.00000000000000000000,0.00000000000000000000,0.00000000000000000000,0.00000000000000000000
Container/Andy_Roddick_0005.jpg,0.20713005714420200000,0.04852622073505170000,0.00034300528049329700,0.00000000000000000000,0.00182334385946436000,0.05787762785586890000,0.00196776713546154000,0.00000000000000000000,0.00000000000000000000,0.00472986228890757000,0.00998325895330491000,0.00000000000000000000,0.00000000000000000000,0.00000000000000000000,0.00386332263292450000,0.00075822219898518300,0.04679314142308550000,0.00012637036649753000,0.00000000000000000000,0.00000000000000000000,0.18657681967885300000,0.16753100015672600000,0.02895686683743410000,0.00003610581899929440,0.00000000000000000000,0.00245519569195202000,0.01763769258115530000,0.00088459256548271300,0.00000000000000000000,0.00000000000000000000,0.00180529094996472000,0.00539781994039451000,0.00000000000000000000,0.00000000000000000000,0.00000000000000000000,0.00000000000000000000,0.00000000000000000000,0.07670681246400100000,0.00030689946149400200,0.00000000000000000000,0.00000000000000000000,0.02023731154910450000,0.11369722402877800000,0.01097616897578550000,0.00000000000000000000,0.00000000000000000000,0.00231077241595484000,0.01613930109268460000,0.00000000000000000000,0.00000000000000000000,0.00000000000000000000,0.00000000000000000000,0.00000000000000000000,0.00000000000000000000,0.00000000000000000000,0.00000000000000000000,0.00000000000000000000,0.00000000000000000000,0.01881113169863240000,0.00023468782349541300,0.00000000000000000000,0.00000000000000000000,0.00185944967846366000,0.05170353280698960000,0.02015607345635610000,0.00000000000000000000,0.00000000000000000000,0.00000000000000000000,0.00000000000000000000,0.00000000000000000000,0.00000000000000000000,0.00000000000000000000,0.00000000000000000000,0.92841149006573200000,0.00000000000000000000,0.00000000000000000000,0.00000000000000000000,0.00000000000000000000,0.00000000000000000000,0.00000000000000000000,0.00000000000000000000,0.00000000000000000000
Container/Andy_Roddick_0006.jpg,0.11374202369769700000,0.01799849951986430000,0.00000000000000000000,0.00000000000000000000,0.00003614156530093240,0.04219979518450130000,0.01921827734877080000,0.00000000000000000000,0.00000000000000000000,0.00099389304577564300,0.00981243497920317000,0.00000000000000000000,0.00000000000000000000,0.00000000000000000000,0.00139145026408590000,0.00061440661011585200,0.24597949343814600000,0.00131916713348403000,0.00000000000000000000,0.00000000000000000000,0.02481118457909010000,0.21606783045596200000,0.07994514244566260000,0.00000000000000000000,0.00000000000000000000,0.00034334487035885800,0.11838169714320400000,0.03378784586070920000,0.00000000000000000000,0.00000000000000000000,0.00113845930697937000,0.02871447363159080000,0.00000000000000000000,0.00000000000000000000,0.00000000000000000000,0.00000000000000000000,0.00000000000000000000,0.00294101987636338000,0.00036141565300932400,0.00000000000000000000,0.00000000000000000000,0.00009035391325233120,0.02045612596032770000,0.03633130851876230000,0.00000000000000000000,0.00000000000000000000,0.00010842469590279700,0.01166017250521330000,0.00000000000000000000,0.00000000000000000000,0.00000000000000000000,0.00000000000000000000,0.00000000000000000000,0.00000000000000000000,0.00000000000000000000,0.00000000000000000000,0.00000000000000000000,0.00000000000000000000,0.00048791113156258800,0.00001807078265046620,0.00000000000000000000,0.00000000000000000000,0.00010842469590279700,0.08022523957674480000,0.01755124764926530000,0.00000000000000000000,0.00000000000000000000,0.00000000000000000000,0.00000000000000000000,0.00000000000000000000,0.00000000000000000000,0.00000000000000000000,0.00000000000000000000,0.91960857599523900000,0.00000000000000000000,0.00000000000000000000,0.00000000000000000000,0.00000000000000000000,0.00000000000000000000,0.00000000000000000000,0.00000000000000000000,0.00000000000000000000
Container/Andy_Roddick_0007.jpg,0.04456879739598040000,0.13357653813272400000,0.01833346883279130000,0.00000000000000000000,0.00103883244173214000,0.05235523129951900000,0.01376933926240330000,0.00000000000000000000,0.00000000000000000000,0.00000000000000000000,0.00000000000000000000,0.00000000000000000000,0.00000000000000000000,0.00000000000000000000,0.00000000000000000000,0.00000000000000000000,0.00463146130272247000,0.00063003263827273400,0.00007695055123941790,0.00000000000000000000,0.00235661063170717000,0.08747834853086080000,0.13298017136061900000,0.00001923763780985440,0.00000000000000000000,0.00005771291342956340,0.14603771802405700000,0.00387638401868568000,0.00000000000000000000,0.00000000000000000000,0.00000000000000000000,0.00000000000000000000,0.00000000000000000000,0.00000000000000000000,0.00000000000000000000,0.00000000000000000000,0.00000000000000000000,0.00565105610664475000,0.00137068169395213000,0.00000000000000000000,0.00000000000000000000,0.00123601822928315000,0.19881136794594100000,0.15263622779283800000,0.00000000000000000000,0.00000000000000000000,0.00007695055123941790,0.06105545299902570000,0.00000000000000000000,0.00000000000000000000,0.00000000000000000000,0.00000000000000000000,0.00000000000000000000,0.00000000000000000000,0.00000000000000000000,0.00000000000000000000,0.00000000000000000000,0.00000000000000000000,0.01135982512671900000,0.00061560440991534300,0.00000000000000000000,0.00000000000000000000,0.00276541043516658000,0.10354658551154100000,0.01839118174622080000,0.00000000000000000000,0.00000000000000000000,0.00000000000000000000,0.00000000000000000000,0.00000000000000000000,0.00000000000000000000,0.00000000000000000000,0.00000000000000000000,0.92326233258944100000,0.00000000000000000000,0.00000000000000000000,0.00000000000000000000,0.00000000000000000000,0.00000000000000000000,0.00000000000000000000,0.00000000000000000000,0.00000000000000000000
Container/Andy_Roddick_0008.jpg,0.35006686372453100000,0.04073040288046110000,0.00131388396388584000,0.00000000000000000000,0.08550318875647770000,0.04560053277326460000,0.05544590327598260000,0.00000000000000000000,0.00000000000000000000,0.00000000000000000000,0.00000000000000000000,0.00000000000000000000,0.00000000000000000000,0.00000000000000000000,0.00000000000000000000,0.00000000000000000000,0.00000000000000000000,0.00000000000000000000,0.00000000000000000000,0.00000000000000000000,0.00056059049125796000,0.05043562576036450000,0.07608264073541620000,0.00038540596273984700,0.00000000000000000000,0.00366135664602855000,0.09311057690737680000,0.01753597130466300000,0.00000000000000000000,0.00000000000000000000,0.00000000000000000000,0.00000000000000000000,0.00000000000000000000,0.00000000000000000000,0.00000000000000000000,0.00000000000000000000,0.00000000000000000000,0.00003503690570362250,0.00000000000000000000,0.00000000000000000000,0.00000000000000000000,0.00001751845285181120,0.05863426169501220000,0.05033051504325370000,0.00000000000000000000,0.00000000000000000000,0.00087592264259056200,0.01825422787158730000,0.00000000000000000000,0.00000000000000000000,0.00000000000000000000,0.00000000000000000000,0.00000000000000000000,0.00000000000000000000,0.00000000000000000000,0.00000000000000000000,0.00000000000000000000,0.00000000000000000000,0.00015766607566630100,0.00000000000000000000,0.00000000000000000000,0.00000000000000000000,0.00056059049125796000,0.12608030517448500000,0.01955935260904720000,0.00000000000000000000,0.00000000000000000000,0.00000000000000000000,0.00000000000000000000,0.00000000000000000000,0.00000000000000000000,0.00000000000000000000,0.00000000000000000000,0.90742520043133200000,0.00000000000000000000,0.00000000000000000000,0.00000000000000000000,0.00000000000000000000,0.00000000000000000000,0.00000000000000000000,0.00000000000000000000,0.00000000000000000000
Container/Andy_Roddick_0009.jpg,0.21644228078261100000,0.02261937640981880000,0.00003387401933331160,0.00000000000000000000,0.00005081102899996740,0.01794052748940510000,0.01898215358390440000,0.00000000000000000000,0.00000000000000000000,0.00000000000000000000,0.00000000000000000000,0.00000000000000000000,0.00000000000000000000,0.00000000000000000000,0.00000000000000000000,0.00000000000000000000,0.00645723493541252000,0.00025828939741650100,0.00000000000000000000,0.00000000000000000000,0.00219757700424859000,0.33450170666403500000,0.08960101538902580000,0.00064360636733292000,0.00000000000000000000,0.00000000000000000000,0.12093448327233900000,0.11085272826826200000,0.00000000000000000000,0.00000000000000000000,0.00000000000000000000,0.00000000000000000000,0.00000000000000000000,0.00000000000000000000,0.00000000000000000000,0.00000000000000000000,0.00000000000000000000,0.00328577987533122000,0.00005081102899996740,0.00000000000000000000,0.00000000000000000000,0.00047423627066636200,0.01148329255399260000,0.03811250600239220000,0.00000000000000000000,0.00000000000000000000,0.00000000000000000000,0.00701615625441216000,0.00000000000000000000,0.00000000000000000000,0.00000000000000000000,0.00000000000000000000,0.00000000000000000000,0.00000000000000000000,0.00000000000000000000,0.00000000000000000000,0.00000000000000000000,0.00000000000000000000,0.00171063797633223000,0.00008468504833327900,0.00000000000000000000,0.00000000000000000000,0.00013549607733324600,0.03581754119256030000,0.01817764562473830000,0.00000000000000000000,0.00000000000000000000,0.00000000000000000000,0.00000000000000000000,0.00000000000000000000,0.00000000000000000000,0.00000000000000000000,0.00000000000000000000,0.89544276406642500000,0.00000000000000000000,0.00000000000000000000,0.00000000000000000000,0.00000000000000000000,0.00000000000000000000,0.00000000000000000000,0.00000000000000000000,0.00000000000000000000
Container/Andy_Roddick_0010.jpg,0.10867467564043400000,0.00080257436555648800,0.00001744726881644540,0.00000000000000000000,0.00787744187062510000,0.00384276095682210000,0.00000000000000000000,0.00000000000000000000,0.00000000000000000000,0.00000000000000000000,0.00000000000000000000,0.00000000000000000000,0.00000000000000000000,0.00000000000000000000,0.00000000000000000000,0.00000000000000000000,0.04728646030977110000,0.00062810167739203400,0.00008723634408222700,0.00000000000000000000,0.05274745544931850000,0.10212322619985900000,0.10190077352244900000,0.00104683612898672000,0.00000000000000000000,0.00174036506444042000,0.03198084374054440000,0.00033149810751246200,0.00000000000000000000,0.00000000000000000000,0.00000000000000000000,0.00000000000000000000,0.00000000000000000000,0.00000000000000000000,0.00000000000000000000,0.00000000000000000000,0.00043618172041113500,0.01621287454768180000,0.00336732288157396000,0.00001744726881644540,0.00000000000000000000,0.04079607631005340000,0.15882248803610200000,0.07415089246989290000,0.00000000000000000000,0.00000000000000000000,0.00019191995698089900,0.00851426718242536000,0.00000000000000000000,0.00000000000000000000,0.00000000000000000000,0.00000000000000000000,0.00000000000000000000,0.00000000000000000000,0.00000000000000000000,0.00000000000000000000,0.00000000000000000000,0.00000000000000000000,0.00916853976304206000,0.00046671444083991400,0.00000000000000000000,0.00000000000000000000,0.01483017849397850000,0.28294672021349900000,0.01747343971967000000,0.00000000000000000000,0.00000000000000000000,0.00000000000000000000,0.00000000000000000000,0.00000000000000000000,0.00000000000000000000,0.00000000000000000000,0.00000000000000000000,0.92078833542231400000,0.00000000000000000000,0.00000000000000000000,0.00000000000000000000,0.00000000000000000000,0.00000000000000000000,0.00000000000000000000,0.00000000000000000000,0.00000000000000000000
Container/Andy_Roddick_0011.jpg,0.14817607174889700000,0.03415983429824600000,0.00713312294308827000,0.00000000000000000000,0.00000000000000000000,0.03897742179616090000,0.00325721685411428000,0.00000000000000000000,0.00000000000000000000,0.00000000000000000000,0.00000000000000000000,0.00000000000000000000,0.00000000000000000000,0.00000000000000000000,0.00000000000000000000,0.00000000000000000000,0.00934402712060160000,0.00283869178347390000,0.00161951005595626000,0.00000000000000000000,0.00204258431214708000,0.10676938486880200000,0.14036512015879300000,0.00562279334034254000,0.00000000000000000000,0.00129196869632466000,0.06058150397519550000,0.00524066175410567000,0.00000000000000000000,0.00000000000000000000,0.00000000000000000000,0.00000000000000000000,0.00000000000000000000,0.00000000000000000000,0.00000000000000000000,0.00000000000000000000,0.00000000000000000000,0.00842964082496337000,0.00203803512659665000,0.00000000000000000000,0.00000000000000000000,0.02827318819597800000,0.27095404056969400000,0.06831057022539120000,0.00000000000000000000,0.00000000000000000000,0.00052770552385091800,0.01529436182057570000,0.00000000000000000000,0.00000000000000000000,0.00000000000000000000,0.00000000000000000000,0.00000000000000000000,0.00000000000000000000,0.00000000000000000000,0.00000000000000000000,0.00000000000000000000,0.00000000000000000000,0.01852883274693780000,0.00069602538921715900,0.00000000000000000000,0.00000000000000000000,0.03206265975949370000,0.10448114453693100000,0.01719592138065920000,0.00000000000000000000,0.00000000000000000000,0.00000000000000000000,0.00000000000000000000,0.00000000000000000000,0.00000000000000000000,0.00000000000000000000,0.00000000000000000000,0.92118732803613500000,0.00000000000000000000,0.00000000000000000000,0.00000000000000000000,0.00000000000000000000,0.00000000000000000000,0.00000000000000000000,0.00000000000000000000,0.00000000000000000000
Container/Andy_Roddick_0012.jpg,0.30487919101442200000,0.12108947227092600000,0.00102148682642045000,0.00000000000000000000,0.00005194000812307380,0.06650485206758570000,0.00567444588744581000,0.00000000000000000000,0.00000000000000000000,0.00000000000000000000,0.00000000000000000000,0.00000000000000000000,0.00000000000000000000,0.00000000000000000000,0.00000000000000000000,0.00000000000000000000,0.01577677746738360000,0.00083969679798969300,0.00000000000000000000,0.00000000000000000000,0.00339341386404082000,0.11170131580268000000,0.13745057482969400000,0.00001731333604102460,0.00000000000000000000,0.00129850020307684000,0.05212612648551480000,0.00439758735442024000,0.00000000000000000000,0.00000000000000000000,0.00000000000000000000,0.00000000000000000000,0.00000000000000000000,0.00000000000000000000,0.00000000000000000000,0.00000000000000000000,0.00000000000000000000,0.00620250263669706000,0.00006925334416409840,0.00000000000000000000,0.00000000000000000000,0.01153068180332230000,0.07441271830432370000,0.01260410863786590000,0.00000000000000000000,0.00000000000000000000,0.00237192703762037000,0.00129850020307684000,0.00000000000000000000,0.00000000000000000000,0.00000000000000000000,0.00000000000000000000,0.00000000000000000000,0.00000000000000000000,0.00000000000000000000,0.00000000000000000000,0.00000000000000000000,0.00000000000000000000,0.00308177381530237000,0.00005194000812307380,0.00000000000000000000,0.00000000000000000000,0.00744906283165083000,0.11749262670840300000,0.01799288448063480000,0.00000000000000000000,0.00000000000000000000,0.00000000000000000000,0.00000000000000000000,0.00000000000000000000,0.00000000000000000000,0.00000000000000000000,0.00000000000000000000,0.91295817944728800000,0.00000000000000000000,0.00000000000000000000,0.00000000000000000000,0.00000000000000000000,0.00000000000000000000,0.00000000000000000000,0.00000000000000000000,0.00000000000000000000
Container/Andy_Roddick_0013.jpg,0.38683686065150500000,0.04796773897772170000,0.00104752114237062000,0.00000000000000000000,0.03706399617759100000,0.04963821776915360000,0.02208523741831410000,0.00000000000000000000,0.00000000000000000000,0.00000000000000000000,0.00000000000000000000,0.00000000000000000000,0.00000000000000000000,0.00000000000000000000,0.00000000000000000000,0.00000000000000000000,0.00000000000000000000,0.00000000000000000000,0.00000000000000000000,0.00000000000000000000,0.00215059264835182000,0.31417698504888700000,0.09599896408528410000,0.00055550363610563600,0.00000000000000000000,0.00000000000000000000,0.00571375168565797000,0.00201568462244045000,0.00000000000000000000,0.00000000000000000000,0.00000000000000000000,0.00000000000000000000,0.00000000000000000000,0.00000000000000000000,0.00000000000000000000,0.00000000000000000000,0.00000000000000000000,0.00000000000000000000,0.00000000000000000000,0.00000000000000000000,0.00000000000000000000,0.00000000000000000000,0.00039678831150402600,0.00863411365832761000,0.00000000000000000000,0.00000000000000000000,0.00000000000000000000,0.00000000000000000000,0.00000000000000000000,0.00000000000000000000,0.00000000000000000000,0.00000000000000000000,0.00000000000000000000,0.00000000000000000000,0.00000000000000000000,0.00000000000000000000,0.00000000000000000000,0.00000000000000000000,0.00000000000000000000,0.00000000000000000000,0.00000000000000000000,0.00000000000000000000,0.00000000000000000000,0.00000000000000000000,0.01663336601824870000,0.00000000000000000000,0.00000000000000000000,0.00000000000000000000,0.00000000000000000000,0.00000000000000000000,0.00000000000000000000,0.00000000000000000000,0.00000000000000000000,0.85756270612119100000,0.00000000000000000000,0.00000000000000000000,0.00000000000000000000,0.00000000000000000000,0.00000000000000000000,0.00000000000000000000,0.00000000000000000000,0.00000000000000000000
Container/Andy_Roddick_0014.jpg,0.53461646225168300000,0.03445513598158360000,0.00003165377674008600,0.00000000000000000000,0.00477972028775299000,0.04793964487286030000,0.01126874451947060000,0.00000000000000000000,0.00000000000000000000,0.00000000000000000000,0.00000000000000000000,0.00000000000000000000,0.00000000000000000000,0.00000000000000000000,0.00000000000000000000,0.00000000000000000000,0.00022157643718060200,0.00192296693696022000,0.00000000000000000000,0.00000000000000000000,0.00001582688837004300,0.11535427588505800000,0.04719973784156080000,0.00094961330220258200,0.00000000000000000000,0.00003165377674008600,0.01429168019814880000,0.02438923497823630000,0.00000000000000000000,0.00000000000000000000,0.00000000000000000000,0.00000000000000000000,0.00000000000000000000,0.00000000000000000000,0.00000000000000000000,0.00000000000000000000,0.00000000000000000000,0.00073595030920700100,0.01050114043352350000,0.00000000000000000000,0.00000000000000000000,0.00000000000000000000,0.05264418744085560000,0.00796092485013164000,0.00000000000000000000,0.00000000000000000000,0.00000000000000000000,0.00018992266044051600,0.00000000000000000000,0.00000000000000000000,0.00000000000000000000,0.00000000000000000000,0.00000000000000000000,0.00000000000000000000,0.00000000000000000000,0.00000000000000000000,0.00000000000000000000,0.00000000000000000000,0.00020574954881055900,0.00117118973938318000,0.00000000000000000000,0.00000000000000000000,0.00001582688837004300,0.06064863623400490000,0.01670528067458040000,0.00000000000000000000,0.00000000000000000000,0.00000000000000000000,0.00000000000000000000,0.00000000000000000000,0.00000000000000000000,0.00000000000000000000,0.00000000000000000000,0.82904010987750100000,0.00000000000000000000,0.00000000000000000000,0.00000000000000000000,0.00000000000000000000,0.00000000000000000000,0.00000000000000000000,0.00000000000000000000,0.00000000000000000000
Container/Britney_Spears_0002.jpg,0.12732751683405900000,0.09271185168720490000,0.05132582073931070000,0.00000000000000000000,0.00000000000000000000,0.13955385507549700000,0.09033106371321290000,0.00000000000000000000,0.00000000000000000000,0.00000000000000000000,0.00015871919826613200,0.00000000000000000000,0.00000000000000000000,0.00000000000000000000,0.00000000000000000000,0.00000000000000000000,0.00000000000000000000,0.00013887929848286600,0.00009919949891633300,0.00000000000000000000,0.00000000000000000000,0.02106997356982910000,0.17635686917345600000,0.00688444522479351000,0.00000000000000000000,0.00000000000000000000,0.15536625520276000000,0.09358480727766860000,0.00000000000000000000,0.00000000000000000000,0.00000000000000000000,0.00000000000000000000,0.00000000000000000000,0.00000000000000000000,0.00000000000000000000,0.00000000000000000000,0.00000000000000000000,0.00009919949891633300,0.00089279549024699700,0.00000000000000000000,0.00000000000000000000,0.00000000000000000000,0.05948001955023330000,0.10179852578794100000,0.00000000000000000000,0.00000000000000000000,0.00000000000000000000,0.00950331199618471000,0.00000000000000000000,0.00000000000000000000,0.00000000000000000000,0.00000000000000000000,0.00000000000000000000,0.00000000000000000000,0.00000000000000000000,0.00000000000000000000,0.00000000000000000000,0.00000000000000000000,0.00988027009206677000,0.01022250836332810000,0.00000000000000000000,0.00000000000000000000,0.00000000000000000000,0.07109628087333590000,0.02182388976159320000,0.00000000000000000000,0.00000000000000000000,0.00000000000000000000,0.00000000000000000000,0.00000000000000000000,0.00000000000000000000,0.00000000000000000000,0.00000000000000000000,0.92774347371522100000,0.00000000000000000000,0.00000000000000000000,0.00000000000000000000,0.00000000000000000000,0.00000000000000000000,0.00000000000000000000,0.00000000000000000000,0.00000000000000000000
Container/Britney_Spears_0003.jpg,0.39697859392464600000,0.04857345880653000000,0.00000000000000000000,0.00000000000000000000,0.00001841124184839570,0.14547642746509800000,0.06131403816561990000,0.00218633496949699000,0.00000000000000000000,0.00000000000000000000,0.00090215085057139100,0.00077787496809472000,0.00000000000000000000,0.00000000000000000000,0.00000000000000000000,0.00000000000000000000,0.00000000000000000000,0.00000000000000000000,0.00000000000000000000,0.00000000000000000000,0.00000000000000000000,0.03660154879461070000,0.12007811933523700000,0.00683977634667901000,0.00000000000000000000,0.00000000000000000000,0.10019397813896900000,0.09725278225368840000,0.00000000000000000000,0.00000000000000000000,0.00000000000000000000,0.00235663895659465000,0.00000000000000000000,0.00000000000000000000,0.00000000000000000000,0.00000000000000000000,0.00000000000000000000,0.00000000000000000000,0.00001841124184839570,0.00000000000000000000,0.00000000000000000000,0.00000000000000000000,0.01443441360914220000,0.07699581340999100000,0.00000000000000000000,0.00000000000000000000,0.00000000000000000000,0.01660694014725290000,0.00000000000000000000,0.00000000000000000000,0.00000000000000000000,0.00000000000000000000,0.00000000000000000000,0.00000000000000000000,0.00000000000000000000,0.00000000000000000000,0.00000000000000000000,0.00000000000000000000,0.00000000000000000000,0.00000000000000000000,0.00000000000000000000,0.00000000000000000000,0.00000000000000000000,0.00257757385877540000,0.01869201328658370000,0.00000000000000000000,0.00000000000000000000,0.00000000000000000000,0.00000000000000000000,0.00000000000000000000,0.00000000000000000000,0.00000000000000000000,0.00000000000000000000,0.87922885447013800000,0.00000000000000000000,0.00000000000000000000,0.00000000000000000000,0.00000000000000000000,0.00000000000000000000,0.00000000000000000000,0.00000000000000000000,0.00000000000000000000
Container/Britney_Spears_0004.jpg,0.33320399190408500000,0.09057879554539050000,0.00000000000000000000,0.00000000000000000000,0.00000000000000000000,0.09577115508612850000,0.00502247529401920000,0.00000000000000000000,0.00000000000000000000,0.00000000000000000000,0.00000000000000000000,0.00000000000000000000,0.00000000000000000000,0.00000000000000000000,0.00000000000000000000,0.00000000000000000000,0.00000000000000000000,0.00000000000000000000,0.00000000000000000000,0.00000000000000000000,0.00000000000000000000,0.07723634816847740000,0.20578645085867700000,0.00029185242385020500,0.00000000000000000000,0.00000000000000000000,0.09496529391579580000,0.04017544634582750000,0.00000000000000000000,0.00000000000000000000,0.00000000000000000000,0.00000000000000000000,0.00000000000000000000,0.00000000000000000000,0.00000000000000000000,0.00000000000000000000,0.00000000000000000000,0.00000000000000000000,0.00033105648078530700,0.00020908830365387800,0.00000000000000000000,0.00000000000000000000,0.01099020396080690000,0.10913538249467200000,0.00000000000000000000,0.00000000000000000000,0.00000000000000000000,0.00453460258549348000,0.00000000000000000000,0.00000000000000000000,0.00000000000000000000,0.00000000000000000000,0.00000000000000000000,0.00000000000000000000,0.00000000000000000000,0.00000000000000000000,0.00000000000000000000,0.00000000000000000000,0.00000000000000000000,0.00001742402530448980,0.00000000000000000000,0.00000000000000000000,0.00000000000000000000,0.00133293793579347000,0.01754599348162120000,0.00000000000000000000,0.00000000000000000000,0.00000000000000000000,0.00000000000000000000,0.00000000000000000000,0.00000000000000000000,0.00000000000000000000,0.00000000000000000000,0.89457559517046600000,0.00000000000000000000,0.00000000000000000000,0.00000000000000000000,0.00000000000000000000,0.00000000000000000000,0.00000000000000000000,0.00000000000000000000,0.00000000000000000000
Container/Britney_Spears_0005.jpg,0.37391000100570600000,0.14861242957355100000,0.00248758554838277000,0.00000000000000000000,0.00000000000000000000,0.07637072584133520000,0.16875817350348400000,0.00890537131261196000,0.00000000000000000000,0.00000000000000000000,0.00813782632928195000,0.01235469997263710000,0.00000000000000000000,0.00000000000000000000,0.00000000000000000000,0.00000000000000000000,0.00000000000000000000,0.00020344565823204800,0.00000000000000000000,0.00000000000000000000,0.00000000000000000000,0.00399493292528387000,0.05866170604522730000,0.00838750963711220000,0.00000000000000000000,0.00000000000000000000,0.04289004376728370000,0.09229034859799310000,0.00000000000000000000,0.00000000000000000000,0.00000000000000000000,0.00743501405538942000,0.00000000000000000000,0.00000000000000000000,0.00000000000000000000,0.00000000000000000000,0.00000000000000000000,0.00000000000000000000,0.00014796047871421700,0.00066582215421397800,0.00000000000000000000,0.00000000000000000000,0.00223790224055253000,0.08002812392455230000,0.00000000000000000000,0.00000000000000000000,0.00000000000000000000,0.02789979776754960000,0.00000000000000000000,0.00000000000000000000,0.00000000000000000000,0.00000000000000000000,0.00000000000000000000,0.00000000000000000000,0.00000000000000000000,0.00000000000000000000,0.00000000000000000000,0.00000000000000000000,0.00000000000000000000,0.00014796047871421700,0.00000000000000000000,0.00000000000000000000,0.00000000000000000000,0.01080111494613780000,0.01888807986086180000,0.00000000000000000000,0.00000000000000000000,0.00000000000000000000,0.00000000000000000000,0.00000000000000000000,0.00000000000000000000,0.00000000000000000000,0.00000000000000000000,0.88424418715088100000,0.00000000000000000000,0.00000000000000000000,0.00000000000000000000,0.00000000000000000000,0.00000000000000000000,0.00000000000000000000,0.00000000000000000000,0.00000000000000000000
Container/Britney_Spears_0006.jpg,0.23612159173224500000,0.02110506417871190000,0.01064187619923760000,0.00296324631107503000,0.05454954264441310000,0.09877984059749460000,0.07411590270849650000,0.00408501124625586000,0.00000000000000000000,0.00000000000000000000,0.00000000000000000000,0.00000000000000000000,0.00000000000000000000,0.00000000000000000000,0.00000000000000000000,0.00000000000000000000,0.00048642904268903400,0.00000000000000000000,0.00005956273992110620,0.00007941698656147490,0.02247997075855750000,0.11842561764813900000,0.09960875539473000000,0.02206799514076980000,0.00000000000000000000,0.04585834617759170000,0.10090424498801400000,0.05708095909106010000,0.00000000000000000000,0.00000000000000000000,0.00000000000000000000,0.00000000000000000000,0.00000000000000000000,0.00000000000000000000,0.00000000000000000000,0.00000000000000000000,0.00003970849328073740,0.00430837152096001000,0.00011912547984221200,0.00064526301581198400,0.00000000000000000000,0.00214922219881991000,0.01751640909846530000,0.14388372540275200000,0.00000000000000000000,0.00000000000000000000,0.00152877699130839000,0.05924507197486030000,0.00000000000000000000,0.00000000000000000000,0.00000000000000000000,0.00000000000000000000,0.00000000000000000000,0.00000000000000000000,0.00000000000000000000,0.00000000000000000000,0.00000000000000000000,0.00000000000000000000,0.00000000000000000000,0.00013897972648258100,0.00000000000000000000,0.00000000000000000000,0.00047650191936884900,0.01929832773443840000,0.01986913732534900000,0.00000000000000000000,0.00000000000000000000,0.00000000000000000000,0.00000000000000000000,0.00000000000000000000,0.00000000000000000000,0.00000000000000000000,0.00000000000000000000,0.92716850029692000000,0.00000000000000000000,0.00000000000000000000,0.00000000000000000000,0.00000000000000000000,0.00000000000000000000,0.00000000000000000000,0.00000000000000000000,0.00000000000000000000
Container/Britney_Spears_0007.jpg,0.34240493040118500000,0.06775239033301300000,0.00000000000000000000,0.00000000000000000000,0.00001753539704510200,0.05223356394809770000,0.00096883068674188700,0.01717592140567740000,0.00000000000000000000,0.00000000000000000000,0.00000000000000000000,0.00000000000000000000,0.00000000000000000000,0.00000000000000000000,0.00000000000000000000,0.00000000000000000000,0.03215115048219450000,0.00238481399813387000,0.00000000000000000000,0.00000000000000000000,0.00834684899346857000,0.10074523987337200000,0.19655864932781000000,0.00533952840023357000,0.00000000000000000000,0.00001753539704510200,0.04828809961294970000,0.00381394885730969000,0.00000000000000000000,0.00000000000000000000,0.00000000000000000000,0.00000000000000000000,0.00000000000000000000,0.00000000000000000000,0.00000000000000000000,0.00000000000000000000,0.02037174751714730000,0.00098198223452571400,0.00088553755077765300,0.00000000000000000000,0.00043838492612755100,0.00156065033701408000,0.05891016637302030000,0.01370391279074720000,0.00000000000000000000,0.00000000000000000000,0.00000000000000000000,0.00510718438938597000,0.00000000000000000000,0.00000000000000000000,0.00000000000000000000,0.00000000000000000000,0.00060058734879474500,0.00000000000000000000,0.00000000000000000000,0.00000000000000000000,0.00811450498262097000,0.00614615666430826000,0.00074087052515556100,0.00001315154778382650,0.07296040325540830000,0.00182368129269061000,0.00261277415972020000,0.00324843230260515000,0.01727674993868670000,0.00000000000000000000,0.00000000000000000000,0.00000000000000000000,0.00000000000000000000,0.00000000000000000000,0.00000000000000000000,0.00000000000000000000,0.00000000000000000000,0.90167888375766900000,0.00000000000000000000,0.00000000000000000000,0.00000000000000000000,0.00000000000000000000,0.00000000000000000000,0.00000000000000000000,0.00000000000000000000,0.00000000000000000000
Container/Britney_Spears_0008.jpg,0.56579905012468900000,0.04132136144019640000,0.00000000000000000000,0.00000000000000000000,0.00056777443200269900,0.07785212611037010000,0.00091474769600434800,0.00000000000000000000,0.00000000000000000000,0.00000000000000000000,0.00000000000000000000,0.00000000000000000000,0.00000000000000000000,0.00000000000000000000,0.00000000000000000000,0.00000000000000000000,0.00536625695802551000,0.00108823432800517000,0.00000000000000000000,0.00000000000000000000,0.00014588648600069300,0.08981087508442690000,0.06427285427830550000,0.00000000000000000000,0.00000000000000000000,0.00014194360800067400,0.05966362989628360000,0.00568168719802701000,0.00000000000000000000,0.00000000000000000000,0.00000000000000000000,0.00000000000000000000,0.00000000000000000000,0.00000000000000000000,0.00000000000000000000,0.00000000000000000000,0.00000000000000000000,0.00726672415403454000,0.00163235149200776000,0.00000000000000000000,0.00000000000000000000,0.00000000000000000000,0.03617984852817200000,0.00639929099403042000,0.00000000000000000000,0.00000000000000000000,0.00000000000000000000,0.00009462907200044980,0.00000000000000000000,0.00000000000000000000,0.00000000000000000000,0.00000000000000000000,0.00000000000000000000,0.00000000000000000000,0.00000000000000000000,0.00000000000000000000,0.00000000000000000000,0.00000000000000000000,0.00369053380801754000,0.00009462907200044980,0.00000000000000000000,0.00000000000000000000,0.00000000000000000000,0.00015771512000074900,0.01638265809007780000,0.00000000000000000000,0.00000000000000000000,0.00000000000000000000,0.00000000000000000000,0.00000000000000000000,0.00000000000000000000,0.00000000000000000000,0.00000000000000000000,0.80907067984784600000,0.00000000000000000000,0.00000000000000000000,0.00000000000000000000,0.00000000000000000000,0.00000000000000000000,0.00000000000000000000,0.00000000000000000000,0.00000000000000000000
Container/Britney_Spears_0009.jpg,0.07116983495404750000,0.05100439195655320000,0.01614810865033730000,0.01803861893135240000,0.00000000000000000000,0.03242914380480840000,0.01761030019580990000,0.00000000000000000000,0.00000000000000000000,0.00000000000000000000,0.00000000000000000000,0.00000000000000000000,0.00000000000000000000,0.00000000000000000000,0.00000000000000000000,0.00000000000000000000,0.00512013201108256000,0.03493997777178160000,0.00072863417080790200,0.01035842091472850000,0.00000000000000000000,0.08824350592946520000,0.19529365059194500000,0.02092853959529990000,0.00000000000000000000,0.00000000000000000000,0.20896046449845000000,0.03324147244118210000,0.00000000000000000000,0.00000000000000000000,0.00000000000000000000,0.00000000000000000000,0.00000000000000000000,0.00000000000000000000,0.00000000000000000000,0.00000000000000000000,0.00000000000000000000,0.01840293601675630000,0.00243698590912102000,0.00000000000000000000,0.00000000000000000000,0.00000000000000000000,0.04082812958452660000,0.23126750117365700000,0.00000000000000000000,0.00000000000000000000,0.00000000000000000000,0.04322572986279310000,0.00000000000000000000,0.00000000000000000000,0.00000000000000000000,0.00000000000000000000,0.00000000000000000000,0.00000000000000000000,0.00000000000000000000,0.00000000000000000000,0.00000000000000000000,0.00000000000000000000,0.01464160827015330000,0.00320008250692660000,0.00000000000000000000,0.00000000000000000000,0.00000000000000000000,0.05063515166729240000,0.01901341329500080000,0.00000000000000000000,0.00000000000000000000,0.00000000000000000000,0.00000000000000000000,0.00000000000000000000,0.00000000000000000000,0.00000000000000000000,0.00000000000000000000,0.91508574727301700000,0.00000000000000000000,0.00000000000000000000,0.00000000000000000000,0.00000000000000000000,0.00000000000000000000,0.00000000000000000000,0.00000000000000000000,0.00000000000000000000
Container/Britney_Spears_0010.jpg,0.04371362965873670000,0.01561233439227300000,0.00000000000000000000,0.00000000000000000000,0.00000000000000000000,0.06274399544815660000,0.04169635648668050000,0.00000000000000000000,0.00000000000000000000,0.00000000000000000000,0.00059838215440767800,0.00000000000000000000,0.00000000000000000000,0.00000000000000000000,0.00000000000000000000,0.00000000000000000000,0.00000000000000000000,0.00000000000000000000,0.00000000000000000000,0.00000000000000000000,0.00000000000000000000,0.01224416817466010000,0.18791466247470800000,0.00009066396278904220,0.00000000000000000000,0.00014959553860191900,0.30806707916088600000,0.11036524190310100000,0.00000000000000000000,0.00000000000000000000,0.00000000000000000000,0.00368549008737456000,0.00000000000000000000,0.00000000000000000000,0.00000000000000000000,0.00000000000000000000,0.00000000000000000000,0.00000000000000000000,0.00012692954790465900,0.00000000000000000000,0.00000000000000000000,0.00213513632368194000,0.07244050626844470000,0.04185048522342190000,0.00000000000000000000,0.00000000000000000000,0.00216233551251865000,0.01467396237740640000,0.00000000000000000000,0.00000000000000000000,0.00000000000000000000,0.00000000000000000000,0.00000000000000000000,0.00000000000000000000,0.00000000000000000000,0.00000000000000000000,0.00000000000000000000,0.07113494520428250000,0.00846348092635709000,0.00000000000000000000,0.00000000000000000000,0.00000453319813945211,0.09228684772296610000,0.02092977580985040000,0.01777013670665220000,0.00000000000000000000,0.00000000000000000000,0.00000000000000000000,0.00000000000000000000,0.00000000000000000000,0.00000000000000000000,0.00000000000000000000,0.00000000000000000000,0.90993526293780400000,0.00000000000000000000,0.00000000000000000000,0.00000000000000000000,0.00000000000000000000,0.00000000000000000000,0.00000000000000000000,0.00000000000000000000,0.00000000000000000000
Container/Britney_Spears_0011.jpg,0.42334490646652000000,0.06732987357659330000,0.00008822626426861470,0.00000000000000000000,0.00000000000000000000,0.05168294560855450000,0.05641628468656560000,0.00000000000000000000,0.00000000000000000000,0.00000000000000000000,0.00021174303424467500,0.00000000000000000000,0.00000000000000000000,0.00000000000000000000,0.00000000000000000000,0.00000000000000000000,0.00049406707990424200,0.00046318788741022700,0.00000000000000000000,0.00000000000000000000,0.00000000000000000000,0.03563458813809340000,0.10503777892499900000,0.00197626831961697000,0.00000000000000000000,0.00000000000000000000,0.07254404579486840000,0.14537482694860900000,0.00000000000000000000,0.00000000000000000000,0.00000000000000000000,0.00040584081563562700,0.00000000000000000000,0.00000000000000000000,0.00000000000000000000,0.00000000000000000000,0.00000000000000000000,0.00003529050570744580,0.00075874587271008600,0.00010587151712233700,0.00000000000000000000,0.00000000000000000000,0.01800698053722420000,0.04485423275416370000,0.00000000000000000000,0.00000000000000000000,0.00021174303424467500,0.01895541287811180000,0.00000000000000000000,0.00000000000000000000,0.00000000000000000000,0.00000000000000000000,0.00000000000000000000,0.00000000000000000000,0.00000000000000000000,0.00000000000000000000,0.00000000000000000000,0.00000000000000000000,0.00010587151712233700,0.00020292040781781300,0.00000000000000000000,0.00000000000000000000,0.00003529050570744580,0.03888572597639190000,0.01796286740508990000,0.00000000000000000000,0.00000000000000000000,0.00000000000000000000,0.00000000000000000000,0.00000000000000000000,0.00000000000000000000,0.00000000000000000000,0.00000000000000000000,0.87587506115309900000,0.00000000000000000000,0.00000000000000000000,0.00000000000000000000,0.00000000000000000000,0.00000000000000000000,0.00000000000000000000,0.00000000000000000000,0.00000000000000000000
Container/Britney_Spears_0012.jpg,0.17132920981677200000,0.07339438245793640000,0.00815054583359176000,0.00007893991122122770,0.00000000000000000000,0.05245557100650580000,0.17607053823449700000,0.04219338254774620000,0.00000000000000000000,0.00000000000000000000,0.01340004992980340000,0.00705032082094589000,0.00000000000000000000,0.00000000000000000000,0.00000000000000000000,0.00000000000000000000,0.10286857181016200000,0.00040950078946011800,0.00016281356689378200,0.00000000000000000000,0.00335001248245085000,0.01328657380742280000,0.04519803291860410000,0.01690794223469670000,0.00000000000000000000,0.00005920493341592070,0.13082316787137900000,0.20488853957469600000,0.00000000000000000000,0.00000000000000000000,0.00000000000000000000,0.00866365525652974000,0.00353256102714993000,0.00000000000000000000,0.00000000000000000000,0.00000000000000000000,0.02927190582972140000,0.00065125426757512800,0.00000000000000000000,0.00000000000000000000,0.00008880740012388110,0.00162813566893782000,0.00114462871270780000,0.01839299931454600000,0.00000000000000000000,0.00000000000000000000,0.00000000000000000000,0.05742878541344310000,0.00000000000000000000,0.00000000000000000000,0.00000000000000000000,0.00000000000000000000,0.01596066330004190000,0.00000000000000000000,0.00000000000000000000,0.00000000000000000000,0.00006413867786724750,0.00283196931506154000,0.00013814484463714800,0.00000000000000000000,0.00000000000000000000,0.00352762728269861000,0.00290104173738011000,0.00313786147104380000,0.01818578204759030000,0.00000000000000000000,0.00000000000000000000,0.00000000000000000000,0.00000000000000000000,0.00000000000000000000,0.00000000000000000000,0.00000000000000000000,0.00000000000000000000,0.92305424939871800000,0.00000000000000000000,0.00000000000000000000,0.00000000000000000000,0.00000000000000000000,0.00000000000000000000,0.00000000000000000000,0.00000000000000000000,0.00000000000000000000
Container/Britney_Spears_0013.jpg,0.56817585499351900000,0.03209594302112300000,0.00000000000000000000,0.00000000000000000000,0.00000000000000000000,0.02738012449673040000,0.00116495279462428000,0.00000000000000000000,0.00000000000000000000,0.00000000000000000000,0.00000000000000000000,0.00000000000000000000,0.00000000000000000000,0.00000000000000000000,0.00000000000000000000,0.00000000000000000000,0.00000000000000000000,0.00000000000000000000,0.00000000000000000000,0.00000000000000000000,0.00000000000000000000,0.01517799073765290000,0.06760086649574590000,0.00000000000000000000,0.00000000000000000000,0.00000000000000000000,0.10297510616327900000,0.00735563142759566000,0.00000000000000000000,0.00000000000000000000,0.00000000000000000000,0.00000000000000000000,0.00000000000000000000,0.00000000000000000000,0.00000000000000000000,0.00000000000000000000,0.00000000000000000000,0.00000000000000000000,0.00002987058447754580,0.00000000000000000000,0.00000000000000000000,0.00000000000000000000,0.01959136959421030000,0.07375794072118010000,0.00000000000000000000,0.00000000000000000000,0.00000000000000000000,0.00081770725007281700,0.00000000000000000000,0.00000000000000000000,0.00000000000000000000,0.00000000000000000000,0.00000000000000000000,0.00000000000000000000,0.00000000000000000000,0.00000000000000000000,0.00000000000000000000,0.00000000000000000000,0.00000000000000000000,0.00001493529223877290,0.00000000000000000000,0.00000000000000000000,0.00000000000000000000,0.00067208815074478100,0.01589861858817370000,0.00000000000000000000,0.00000000000000000000,0.00000000000000000000,0.00000000000000000000,0.00000000000000000000,0.00000000000000000000,0.00000000000000000000,0.00000000000000000000,0.80861539092246400000,0.00000000000000000000,0.00000000000000000000,0.00000000000000000000,0.00000000000000000000,0.00000000000000000000,0.00000000000000000000,0.00000000000000000000,0.00000000000000000000
Container/Britney_Spears_0014.jpg,0.20246344376190600000,0.03125454853367980000,0.00000000000000000000,0.00000000000000000000,0.00024651474899803800,0.14894773298388600000,0.00378576221675558000,0.00000000000000000000,0.00000000000000000000,0.00000000000000000000,0.00000000000000000000,0.00000000000000000000,0.00000000000000000000,0.00000000000000000000,0.00000000000000000000,0.00000000000000000000,0.00003521639271400540,0.00000000000000000000,0.00000000000000000000,0.00000000000000000000,0.00119735735227618000,0.08163600036015390000,0.10012460653500600000,0.00000000000000000000,0.00000000000000000000,0.00165517045755825000,0.08230070977263070000,0.02813349572940110000,0.00000000000000000000,0.00000000000000000000,0.00000000000000000000,0.00000000000000000000,0.00000000000000000000,0.00000000000000000000,0.00000000000000000000,0.00000000000000000000,0.00000000000000000000,0.00010564917814201600,0.00000000000000000000,0.00000000000000000000,0.00000000000000000000,0.00063389506885209800,0.02650473756637830000,0.03508873329041720000,0.00000000000000000000,0.00000000000000000000,0.00159794381939799000,0.00558179824516986000,0.00000000000000000000,0.00000000000000000000,0.00000000000000000000,0.00000000000000000000,0.00000000000000000000,0.00000000000000000000,0.00000000000000000000,0.00000000000000000000,0.00000000000000000000,0.00046221515437132100,0.00120616145045468000,0.00000000000000000000,0.00000000000000000000,0.00000440204908925068,0.00892735555300038000,0.31899448725255000000,0.01827290576947950000,0.00000000000000000000,0.00000000000000000000,0.00000000000000000000,0.00000000000000000000,0.00000000000000000000,0.00000000000000000000,0.00000000000000000000,0.00000000000000000000,0.89857267239238500000,0.00000000000000000000,0.00000000000000000000,0.00000000000000000000,0.00000000000000000000,0.00000000000000000000,0.00000000000000000000,0.00000000000000000000,0.00000000000000000000
